<?xml version="1.0" encoding="UTF-8" standalone="no"?>
<project>
	<configuration id="legup.managedbuild.config.gnu.exe.release.26557419" name="LegUp">
		<extension point="org.eclipse.cdt.core.LanguageSettingsProvider">
			<provider copy-of="extension" id="org.eclipse.cdt.ui.UserLanguageSettingsProvider"/>
			<provider-reference id="org.eclipse.cdt.core.ReferencedProjectsLanguageSettingsProvider" ref="shared-provider"/>
			<provider-reference id="org.eclipse.cdt.managedbuilder.core.MBSLanguageSettingsProvider" ref="shared-provider"/>
			<provider class="org.eclipse.cdt.managedbuilder.internal.language.settings.providers.GCCBuiltinSpecsDetectorCygwin" console="false" env-hash="-418873535132485462" id="org.eclipse.cdt.managedbuilder.core.GCCBuiltinSpecsDetectorCygwin" keep-relative-paths="false" name="CDT GCC Built-in Compiler Settings Cygwin" parameter="${COMMAND} ${FLAGS} -E -P -v -dD &quot;${INPUTS}&quot;" prefer-non-shared="true">
				<language-scope id="org.eclipse.cdt.core.gcc"/>
				<language-scope id="org.eclipse.cdt.core.g++"/>
			</provider>
		</extension>
	</configuration>
</project>
